LOCATION,AREA,AIR_CHANGE_RATE
YAN039,2686.0,0.00341619
LEZ228,397.0,0.00089645
UGS416,2183.0,0.00435152
TVN387,2151.0,0.00281757
LTG028,1296.0,0.00335385
QDJ389,3535.0,0.00069231
SYH090,2616.0,0.00425805
ICH942,2626.0,0.00141695
FRF846,2491.0,0.00137293
VGP845,1747.0,0.00454527
